{
  "n_splits": 3,
  "folds": [
    {
      "accuracy_at_0_5": 0.88,
      "similarity_mae": 0.09076518265987435,
      "precision": 0.873015873015873,
      "recall": 0.8957654723127035,
      "f1": 0.8842443729903537,
      "confusion_matrix": [
        [
          253,
          40
        ],
        [
          32,
          275
        ]
      ],
      "fold": 1
    },
    {
      "accuracy_at_0_5": 0.885,
      "similarity_mae": 0.08763424483115474,
      "precision": 0.8238993710691824,
      "recall": 0.9527272727272728,
      "f1": 0.8836424957841484,
      "confusion_matrix": [
        [
          269,
          56
        ],
        [
          13,
          262
        ]
      ],
      "fold": 2
    },
    {
      "accuracy_at_0_5": 0.8833333333333333,
      "similarity_mae": 0.09053168889870244,
      "precision": 0.8425655976676385,
      "recall": 0.9475409836065574,
      "f1": 0.8919753086419753,
      "confusion_matrix": [
        [
          241,
          54
        ],
        [
          16,
          289
        ]
      ],
      "fold": 3
    }
  ],
  "summary": {
    "accuracy_at_0_5_mean": 0.8827777777777778,
    "accuracy_at_0_5_std": 0.002078698548207744,
    "f1_mean": 0.8866207258054924,
    "f1_std": 0.0037942264962619555,
    "similarity_mae_mean": 0.08964370546324385,
    "similarity_mae_std": 0.001424097107658862
  }
}