{
  "accuracy_at_0_5": 0.9346666666666666,
  "similarity_mae": 0.06122993133274713,
  "precision": 0.9125,
  "recall": 0.9630606860158312,
  "f1": 0.9370988446726572,
  "confusion_matrix": [
    [
      336,
      35
    ],
    [
      14,
      365
    ]
  ]
}